college_stream,value_added,std_error,t_value,p_value,ci_lower,ci_upper,college_code,stream,sig
504904_cec_cec,14.834050539276312,0.8843891516900455,16.77321630520774,3.8319361007412373e-63,13.100679653645892,16.567421424906733,504904_cec,cec,***
503801_mpc_mpc,14.794207028963784,0.5669605399417869,26.093891879111712,4.2768267800487525e-150,13.682984790022498,15.90542926790507,503801_mpc,mpc,***
507801_mpc_mpc,11.133439790820404,0.7823449411199144,14.230858034159537,5.89539592733796e-46,9.600071882738263,12.666807698902545,507801_mpc,mpc,***
504903_mec_mec,11.043022065797604,0.8856177119949782,12.469287725650435,1.0980312230364458e-35,9.30724324621668,12.778800885378528,504903_mec,mec,***
505101_mpc_mpc,11.017830440815043,0.5456060151271523,20.193748117398158,1.1110716969987556e-90,9.94846230141741,12.087198580212677,505101_mpc,mpc,***
505501_mpc_mpc,10.082892539033494,0.5984757654221372,16.847620441107566,1.0922177221407797e-63,8.909901593186063,11.255883484880925,505501_mpc,mpc,***
502504_cec_cec,9.576909721473191,1.0016547948449632,9.561088082202524,1.1652508438581734e-21,7.613702398635207,11.540117044311176,502504_cec,cec,***
503201_mpc_mpc,9.306804362559037,0.7417985995524421,12.54626844560534,4.166880785120216e-36,7.852905823654,10.760702901464073,503201_mpc,mpc,***
507401_mpc_mpc,8.38105119653826,0.58587245486511,14.305248739621828,2.029110133807132e-46,7.232762285468577,9.529340107607945,507401_mpc,mpc,***
506601_mpc_mpc,8.190079366705584,0.9176821234005392,8.924745462357528,4.467253019112662e-19,6.3914554555842855,9.988703277826882,506601_mpc,mpc,***
506404_cec_cec,8.02458999442556,0.9090842782642117,8.827113378033069,1.0741190246938794e-18,6.242817550116116,9.806362438735004,506404_cec,cec,***
506904_cec_cec,7.762669099838828,1.0723808388373897,7.238724172146384,4.5292509565444555e-13,5.660841278006692,9.864496921670963,506904_cec,cec,***
508101_mpc_mpc,7.6184447144623215,0.6855604506413743,11.112724935248096,1.0878820716112387e-28,6.274770921980179,8.962118506944464,508101_mpc,mpc,***
507501_mpc_mpc,6.432075208311591,0.6994175465116071,9.196330919051153,3.703807158523051e-20,5.061242006993473,7.802908409629709,507501_mpc,mpc,***
506101_mpc_mpc,5.34343578519137,0.5411721352452373,9.873819136622659,5.406599206719443e-23,4.282757890674066,6.404113679708674,506101_mpc,mpc,***
506501_mpc_mpc,5.1283631192338515,0.7960039837205871,6.442634991929898,1.1741684728726873e-10,3.5682239795910933,6.68850225887661,506501_mpc,mpc,***
507701_mpc_mpc,5.065078181908438,0.7528238345216409,6.7281055004414,1.7188628249387475e-11,3.5895705795426807,6.540585784274196,507701_mpc,mpc,***
508701_mpc_mpc,5.048238284514098,0.7581064666684723,6.659009659551875,2.7567881920520587e-11,3.5623769133969776,6.534099655631218,508701_mpc,mpc,***
509104_cec_cec,4.953862771888338,1.1959456555539887,4.1422139449920055,3.439692464878195e-05,2.6098523595353753,7.2978731842413005,509104_cec,cec,***
503905_hec_hec,4.8884921848216125,1.0602187369538174,4.610833608607082,4.010574605853784e-06,2.810501644657585,6.9664827249856405,503905_hec,hec,***
503601_mpc_mpc,4.648802409986079,0.8506036059852023,5.465298262639804,4.6212909559568e-08,2.9816499771351834,6.315954842836974,503601_mpc,mpc,***
506903_mec_mec,4.533564836155368,1.4410126465136057,3.146096494797531,0.0016546540435327735,1.7092319477219533,7.357897724588783,506903_mec,mec,**
501801_mpc_mpc,4.498065688337307,0.5351822923733364,8.404735643232966,4.2882644284764806e-17,3.449127670121982,5.547003706552632,501801_mpc,mpc,***
503904_cec_cec,4.253499569173526,1.0429027923083682,4.078519686152916,4.5323365119788705e-05,2.209447656872868,6.2975514814741835,503904_cec,cec,***
506701_mpc_mpc,4.247722042412412,1.2716642290369233,3.340285859600976,0.0008369219574465542,1.7553059530721478,6.740138131752676,506701_mpc,mpc,***
507201_mpc_mpc,4.234749914100719,1.420791099463078,2.9805577439927986,0.0028772398705015677,1.450050529598021,7.019449298603417,507201_mpc,mpc,**
513903_mec_mec,4.168124642820133,1.1589992163437646,3.5963135988729156,0.0003227586704969607,1.896527920676208,6.439721364964058,513903_mec,mec,***
509401_mpc_mpc,3.8334552587044493,0.6289164097300101,6.095333496465974,1.0920953183848418e-09,2.6008017463473934,5.066108771061505,509401_mpc,mpc,***
505401_mpc_mpc,3.8076674842098566,1.0031662332133235,3.795649572467373,0.0001472573805249951,1.8414977966050339,5.773837171814679,505401_mpc,mpc,***
502004_cec_cec,3.7615722508870566,0.8340335253879847,4.510097180011089,6.479793471861375e-06,2.1268965792276338,5.396247922546479,502004_cec,cec,***
501904_cec_cec,3.516390965002105,1.1273602058342764,3.1191370307415474,0.0018138158471610573,1.3068055639632608,5.725976366040949,501904_cec,cec,**
502201_mpc_mpc,3.487498226414176,1.1655587667552632,2.992125601802847,0.002770422543106095,1.2030450217089386,5.7719514311194136,502201_mpc,mpc,**
502101_mpc_mpc,3.381338583498624,0.7866546776693901,4.298377267032168,1.720531290691525e-05,1.8395237469966543,4.9231534200005935,502101_mpc,mpc,***
506201_mpc_mpc,3.3512094694804837,0.5721409260372115,5.857314722601271,4.704111543435902e-09,2.2298338603661545,4.472585078594813,506201_mpc,mpc,***
508801_mpc_mpc,3.3019051545224314,0.8097813239702129,4.077526928299336,4.551725964019891e-05,1.7147629241876525,4.889047384857211,508801_mpc,mpc,***
504701_mpc_mpc,3.216367747399916,0.8175015197317443,3.934387484020015,8.340913022798588e-05,1.614094211418937,4.818641283380895,504701_mpc,mpc,***
504401_mpc_mpc,3.1711520934182422,0.9347398718808128,3.392550364881184,0.0006924520076556523,1.339095609618265,5.00320857721822,504401_mpc,mpc,***
508001_mpc_mpc,2.87815377040754,0.7720963147899048,3.7277133892171403,0.00019322493941196115,1.3648728008232265,4.391434739991854,508001_mpc,mpc,***
508201_mpc_mpc,2.871471331340387,0.7919885786742616,3.625647400303482,0.00028823842735281184,1.3192022409717667,4.423740421709007,508201_mpc,mpc,***
502701_mpc_mpc,2.866070683554197,0.9464094882179261,3.0283621616589684,0.0024588321889962633,1.011142172020077,4.720999195088317,502701_mpc,mpc,**
501601_mpc_mpc,2.796358787595685,0.7725413918223326,3.6196879768466634,0.0002949584734668941,1.2822054830574667,4.310512092133903,501601_mpc,mpc,***
514201_mpc_mpc,2.626754018207617,0.9754398354589194,2.692891886019599,0.007083523469480842,0.7149270716224583,4.538580964792775,514201_mpc,mpc,**
505901_mpc_mpc,2.5994920028784145,1.0663022259162809,2.4378566786209728,0.014774630499610523,0.5095780434476116,4.689405962309218,505901_mpc,mpc,*
515001_mpc_mpc,2.472237909185029,1.0810253324804826,2.2869379975696953,0.022199442351048503,0.3534671911478453,4.591008627222212,515001_mpc,mpc,*
506801_mpc_mpc,2.1945213464779645,1.2511482867691304,1.754005795863677,0.07942951403207027,-0.25768423490852266,4.646726927864451,506801_mpc,mpc,
507001_mpc_mpc,2.1845516907384694,1.0005313140642607,2.183391624060817,0.02900698224733025,0.22354634976798482,4.145557031708954,507001_mpc,mpc,*
505801_mpc_mpc,2.164130086391957,0.9158141923544332,2.363066771031659,0.01812440376937469,0.36916725284663054,3.959092919937283,505801_mpc,mpc,*
509001_mpc_mpc,2.151299821467272,0.7797901794833012,2.7588188182784634,0.005801068790364644,0.6229391541819769,3.6796604887525666,509001_mpc,mpc,**
507802_bpc_bpc,2.1490921771536655,0.7283023697385261,2.950824089622596,0.0031692735961522415,0.7216457626109802,3.576538591696351,507802_bpc,bpc,**
501903_mec_mec,2.054512669998212,1.2316794270288909,1.6680579580306818,0.09530422194706849,-0.35953464747734376,4.468559987473768,501903_mec,mec,
511801_mpc_mpc,2.0349379436084774,0.9518310630773071,2.1379192406575207,0.032523298355940554,0.169383340610483,3.900492546606472,511801_mpc,mpc,*
513904_cec_cec,1.915132351434439,1.057848627772343,1.8104030209571629,0.07023331116876612,-0.15821286009447078,3.9884775629633484,513904_cec,cec,
509301_mpc_mpc,1.8470440716867702,0.750578692751665,2.4608266788328343,0.013861731251302686,0.37593686633035195,3.3181512770431887,509301_mpc,mpc,*
505204_cec_cec,1.7390909028942307,1.2862492470901854,1.3520636896997105,0.17635494175465594,-0.7819112965442934,4.260093102332755,505204_cec,cec,
503802_bpc_bpc,1.7137580702059871,0.9458602750760103,1.81185119553548,0.07000919214287672,-0.14009400335014166,3.567610143762116,503802_bpc,bpc,
509501_mpc_mpc,1.5319133486604462,0.8281841490839282,1.8497255113550863,0.06435312161670131,-0.09129775611100399,3.1551244534318963,509501_mpc,mpc,
508903_mec_mec,1.3948699494220367,1.1142012229902087,1.2519012909343166,0.2106058343219246,-0.7889243191692541,3.5786642180133272,508903_mec,mec,
502801_mpc_mpc,1.2318399053072262,0.718527636658431,1.7143946070550522,0.08645627831131683,-0.17644838443998045,2.640128195054433,502801_mpc,mpc,
507904_cec_cec,1.1690105156747135,1.2231227286351969,0.9557589670327983,0.33919402343093263,-1.2282659811226304,3.566287012472057,507904_cec,cec,
506001_mpc_mpc,0.7773061712685069,0.9772268375686307,0.7954204094542344,0.42636899167985476,-1.1380232350919828,2.6926355776289963,506001_mpc,mpc,
513601_mpc_mpc,0.6192692186137136,0.6811347796960461,0.9091728055496745,0.36325891653526154,-0.7157304182081607,1.954268855435588,513601_mpc,mpc,
508401_mpc_mpc,0.43921690223927284,0.7788331677042225,0.5639422156788195,0.5727934584783023,-1.0872680564262471,1.965701860904793,508401_mpc,mpc,
502702_bpc_bpc,0.25798729257094427,0.7950497968015366,0.32449199233660586,0.7455655837671765,-1.3002816750759558,1.8162562602178445,502702_bpc,bpc,
512601_mpc_mpc,0.23624824891890597,0.5953495386016464,0.3968227631011599,0.6914981634759497,-0.9306154049528597,1.4031119027906716,512601_mpc,mpc,
501502_bpc_bpc,0.0,,,,,,501502_bpc,bpc,
505601_mpc_mpc,-0.18338474791854958,0.9716081263164772,-0.18874353039202202,0.8502938323952398,-2.0877016825852883,1.7209321867481893,505601_mpc,mpc,
503202_bpc_bpc,-0.20698806019926352,0.7384805862399247,-0.28028910178014516,0.7792557113446706,-1.6543834125115415,1.2404072921130145,503202_bpc,bpc,
506602_bpc_bpc,-0.3343014719013871,0.9256518914694941,-0.36115247533354644,0.7179854670167533,-2.1485458414029743,1.4799428976002003,506602_bpc,bpc,
513503_mec_mec,-0.44563573907362486,0.9895999697919091,-0.45031907101546514,0.6524803896876868,-2.385216038967692,1.4939445608204425,513503_mec,mec,
506102_bpc_bpc,-0.6105345210921023,0.8315749131909266,-0.7341906440507613,0.4628325548252812,-2.2403914013933406,1.0193223592091358,506102_bpc,bpc,
503101_mpc_mpc,-0.963038106119237,0.9142916561915616,-1.0533160831093291,0.2921961501645597,-2.755016823620175,0.8289406113817013,503101_mpc,mpc,
502005_hec_hec,-0.97897506840682,0.7645781860599169,-1.2804119791224355,0.20040028316914082,-2.4775207764492215,0.5195706396355816,502005_hec,hec,
508904_cec_cec,-1.0139337851840204,1.294595925929818,-0.7832048323926112,0.43350683762374387,-3.5512951745387475,1.5234276041707064,508904_cec,cec,
511303_mec_mec,-1.1082912233740236,1.42098343793054,-0.7799466156960225,0.43542229836401836,-3.893367584345789,1.6767851375977418,511303_mec,mec,
506302_bpc_bpc,-1.1381841157105628,0.861723084376253,-1.3208235178409111,0.18656021614149365,-2.827130325734789,0.5507620943136633,506302_bpc,bpc,
509002_bpc_bpc,-1.2362136725130488,0.9272089510008621,-1.3332633072390383,0.1824454104939912,-3.0535098226179023,0.5810824775918046,509002_bpc,bpc,
504402_bpc_bpc,-1.2858862544564604,0.7388986566297016,-1.7402741809299043,0.08181088542397658,-2.7341010096757037,0.1623285007627826,504402_bpc,bpc,
502505_hec_hec,-1.3430121815327598,1.066941680690923,-1.258749382312125,0.20812086850263323,-3.4341794492916033,0.7481550862260837,502505_hec,hec,
507502_bpc_bpc,-1.3603460696357759,0.7126105316465922,-1.9089615003198097,0.05626705836237407,-2.757037046667037,0.036344907395485127,507502_bpc,bpc,
507301_mpc_mpc,-1.4032738318356777,1.1594802157997401,-1.2102611262476637,0.22617870927251937,-3.675813295589898,0.8692656319185428,507301_mpc,mpc,
507402_bpc_bpc,-1.4619869312453098,0.601131162978924,-2.4320597920766382,0.015013228706503902,-2.6401823606686783,-0.28379150182194124,507402_bpc,bpc,*
514301_mpc_mpc,-1.5751141115107765,0.900456576783193,-1.749239388242065,0.080249648189588,-3.3399765716480605,0.1897483486265077,514301_mpc,mpc,
514601_mpc_mpc,-1.5873122046637316,1.0875579752893676,-1.4595196216931736,0.14442214408409035,-3.718886667330194,0.544262258002731,514601_mpc,mpc,
506301_mpc_mpc,-1.5926252591809347,1.036244299075877,-1.5369206475743593,0.1243127425955279,-3.623626764554606,0.4383762461927365,506301_mpc,mpc,
509201_mpc_mpc,-1.6072046636967334,0.8111213681710442,-1.9814601448865001,0.047539694629914496,-3.196973332402833,-0.01743599499063353,509201_mpc,mpc,*
507601_mpc_mpc,-1.8224259653511836,1.1217725998840409,-1.6245948292368437,0.1042489196378498,-4.021059859967764,0.3762079292653968,507601_mpc,mpc,
503001_mpc_mpc,-1.8829433331992058,1.0916717408242094,-1.7248255705305593,0.08455891207880588,-4.022580628154801,0.2566939617563888,503001_mpc,mpc,
505203_mec_mec,-1.9244125116218556,1.0138771453433595,-1.898072681153232,0.0576865083278148,-3.9115752012431217,0.06275017799941085,505203_mec,mec,
505102_bpc_bpc,-2.1457074086725036,1.049294576563101,-2.04490469749747,0.040864254721462656,-4.202286987909388,-0.08912782943561925,505102_bpc,bpc,*
513403_mec_mec,-2.2185771555626412,1.9623887000721774,-1.1305492920342648,0.2582448405185075,-6.064788331372483,1.6276340202472004,513403_mec,mec,
508501_mpc_mpc,-2.246733547724017,1.113571240758962,-2.01759300661603,0.043633665815098685,-4.429293073831165,-0.06417402161687003,508501_mpc,mpc,*
508702_bpc_bpc,-2.2759695359699466,0.9296082781076772,-2.44831031475208,0.01435279815946073,-4.097968280791289,-0.45397079114860484,508702_bpc,bpc,*
501802_bpc_bpc,-2.353228984792859,0.6259473682420134,-3.759467815004883,0.000170275180204348,-3.580063282764836,-1.1263946868208818,501802_bpc,bpc,***
514001_mpc_mpc,-2.449897671972429,1.3243709902244738,-1.8498575475118073,0.06433408393814126,-5.045617114982045,0.14582177103718763,514001_mpc,mpc,
509105_hec_hec,-2.5665049348820554,0.9411429788456852,-2.7270085338466656,0.006391138613998917,-4.41111127772234,-0.7218985920417704,509105_hec,hec,**
505301_mpc_mpc,-2.65614444856771,0.8539326150660151,-3.110484834172039,0.0018678048688750733,-4.329821619321205,-0.9824672778142147,505301_mpc,mpc,**
514401_mpc_mpc,-2.6866129571837485,2.117693500974561,-1.2686505180978132,0.20456573797239275,-6.837215949388426,1.4639900350209292,514401_mpc,mpc,
514701_mpc_mpc,-2.7940400593993266,0.7719400902677284,-3.619503760233884,0.00029516852210758596,-4.307014834546672,-1.2810652842519807,514701_mpc,mpc,***
506202_bpc_bpc,-2.8900568630064845,0.9128613516880987,-3.165931888410084,0.0015458698634079114,-4.67923223519371,-1.100881490819259,506202_bpc,bpc,**
511604_cec_cec,-2.890093882598818,1.246957427418894,-2.3177165627707836,0.02046473027534302,-5.334085530594568,-0.4461022346030674,511604_cec,cec,*
503301_mpc_mpc,-3.0396476760965783,1.1240764932128764,-2.7041288510611468,0.006848372750475251,-5.2427971186618985,-0.8364982335312581,503301_mpc,mpc,**
504201_mpc_mpc,-3.2059766091526276,1.2016440789829146,-2.667991849854745,0.007630610909969315,-5.5611557261949445,-0.8507974921103107,504201_mpc,mpc,**
508202_bpc_bpc,-3.280950393005123,0.776790837738442,-4.2237243716176165,2.402979066011375e-05,-4.803432458493166,-1.7584683275170794,508202_bpc,bpc,***
513201_mpc_mpc,-3.9804581113964383,1.156375976004369,-3.4421833330973657,0.000577039029307201,-6.246913376952355,-1.7140028458405214,513201_mpc,mpc,***
511401_mpc_mpc,-4.106772646330652,0.7421032999829809,-5.533963595667659,3.1307398041506995e-08,-5.561268387105619,-2.652276905555686,511401_mpc,mpc,***
502102_bpc_bpc,-4.109563523689555,0.7563515850063975,-5.433403730693306,5.528911831954479e-08,-5.59198538995188,-2.627141657427231,502102_bpc,bpc,***
504702_bpc_bpc,-4.293406356367755,0.6805563393914416,-6.308671461655842,2.8144082429576636e-10,-5.627272271025398,-2.9595404417101117,504702_bpc,bpc,***
506502_bpc_bpc,-4.349557633363069,0.8443579651572477,-5.1513194792365535,2.5866012571895875e-07,-6.004468835130801,-2.694646431595338,506502_bpc,bpc,***
501602_bpc_bpc,-4.370709901825654,0.6849120710312855,-6.381417537647702,1.7545619481779198e-10,-5.7131128936237126,-3.0283069100275952,501602_bpc,bpc,***
504503_mec_mec,-4.565146510911845,1.6143835879781498,-2.8277954167195314,0.00468697486557113,-7.729280200581568,-1.4010128212421211,504503_mec,mec,**
508301_mpc_mpc,-4.704434289881935,0.9532025442877882,-4.935398376844435,7.998732125253888e-07,-6.572676946657946,-2.8361916331059245,508301_mpc,mpc,***
509302_bpc_bpc,-4.802626041111115,0.9740311262690348,-4.9306699874235775,8.194807187524331e-07,-6.711691968419409,-2.8935601138028204,509302_bpc,bpc,***
512901_mpc_mpc,-4.83374987899408,0.9867544211172515,-4.898635137120615,9.650465575452547e-07,-6.767753005969563,-2.8997467520185976,512901_mpc,mpc,***
504504_cec_cec,-5.0395877299891225,1.6791024780837347,-3.001358044412227,0.0026877832605088593,-8.330568113385198,-1.748607346593047,504504_cec,cec,**
511603_mec_mec,-5.105065874369606,1.783349343182896,-2.8626280621261557,0.004201434373525619,-8.600366358861242,-1.609765389877969,511603_mec,mec,**
514801_mpc_mpc,-5.148321336947983,0.8960040768198522,-5.74586820544466,9.14505187448262e-09,-6.904457057515954,-3.3921856163800133,514801_mpc,mpc,***
505902_bpc_bpc,-5.409635245830699,0.9170166991393844,-5.899167649735947,3.6533987730024927e-09,-7.206954949365695,-3.6123155422957027,505902_bpc,bpc,***
508102_bpc_bpc,-5.5198369650384,1.1109819994285142,-4.968430602726046,6.749694727866488e-07,-7.697321671390586,-3.3423522586862133,508102_bpc,bpc,***
505402_bpc_bpc,-5.59868533369948,0.9047721412443973,-6.187950621467203,6.09514132500517e-10,-7.372006144753685,-3.8253645226452746,505402_bpc,bpc,***
505502_bpc_bpc,-5.664885831079237,0.8547901094605116,-6.627224354121912,3.420575561032501e-11,-7.340243659962891,-3.989528002195584,505502_bpc,bpc,***
508502_bpc_bpc,-5.838602973389957,0.8668062167740246,-6.735764996148008,1.6306966788276786e-11,-7.537511939842464,-4.13969400693745,508502_bpc,bpc,***
507202_bpc_bpc,-5.952127577713594,1.2328467827545904,-4.827954017460757,1.3794293342904152e-06,-8.368462870368667,-3.535792285058521,507202_bpc,bpc,***
511304_cec_cec,-5.9611774797722,0.9636051382622881,-6.186328033204821,6.158179450261783e-10,-7.849808846084024,-4.072546113460376,511304_cec,cec,***
504001_mpc_mpc,-6.049401487727827,1.0395534232787245,-5.819230981557611,5.911899053527036e-09,-8.086888757359448,-4.011914218096205,504001_mpc,mpc,***
508802_bpc_bpc,-6.324569208237206,1.0066379035414994,-6.282864161965733,3.3239147999109427e-10,-8.29754324465145,-4.351595171822962,508802_bpc,bpc,***
507702_bpc_bpc,-6.336006797525263,1.0382185393362504,-6.102767921651614,1.0424715790535704e-09,-8.370877742706096,-4.301135852344431,507702_bpc,bpc,***
505701_mpc_mpc,-6.5156025222882334,1.0415923472529987,-6.255424724914592,3.9643552294417395e-10,-8.557086009476649,-4.474119035099818,505701_mpc,mpc,***
508402_bpc_bpc,-6.579885167376184,0.7818051748891212,-8.416272210412743,3.8865363191231036e-17,-8.1121951530859,-5.047575181666469,508402_bpc,bpc,***
505802_bpc_bpc,-6.701596670851415,0.9954259039728167,-6.732391275036,1.668970948363574e-11,-8.652595591916361,-4.7505977497864675,505802_bpc,bpc,***
509402_bpc_bpc,-6.717936589130524,0.7429985326983299,-9.041655257020704,1.5431709288000453e-19,-8.174186953785355,-5.2616862244756915,509402_bpc,bpc,***
511201_mpc_mpc,-6.902272346174144,1.0777623368683062,-6.404261969508354,1.5109848126726924e-10,-9.01464771032975,-4.789896982018539,511201_mpc,mpc,***
510101_mpc_mpc,-6.903828316317086,1.199411861557603,-5.756011373233799,8.6124585727021e-09,-9.254632367600129,-4.553024265034043,510101_mpc,mpc,***
502802_bpc_bpc,-6.981057713594946,0.9021848881583953,-7.7379457417483275,1.010359451413888e-14,-8.749307601781696,-5.212807825408194,502802_bpc,bpc,***
508002_bpc_bpc,-7.169984796914578,1.081384624250748,-6.630374277683482,3.348367591301942e-11,-9.289459713881424,-5.050509879947732,508002_bpc,bpc,***
513504_cec_cec,-7.213961564846339,1.0043690813109336,-7.182580287547734,6.840786350171137e-13,-9.182488791401349,-5.245434338291328,513504_cec,cec,***
511701_mpc_mpc,-7.25250594757245,1.7151161908660089,-4.228579956387947,2.351709405709252e-05,-10.614071910971353,-3.8909399841735475,511701_mpc,mpc,***
509502_bpc_bpc,-7.275286682878602,0.9535538628823645,-7.629654669833916,2.3538337429715462e-14,-9.144217911447083,-5.406355454310122,509502_bpc,bpc,***
506702_bpc_bpc,-7.3092091281906715,1.1027275536827084,-6.6283000762795625,3.395746296970018e-11,-9.47051541816874,-5.1479028382126035,506702_bpc,bpc,***
503602_bpc_bpc,-7.318204780512625,1.0194989979769822,-7.178236364169386,7.061640093514636e-13,-9.316386098822184,-5.320023462203066,503602_bpc,bpc,***
513202_bpc_bpc,-7.34058043319134,1.9945053467526854,-3.6804014815717396,0.0002328670178317368,-11.249739079799175,-3.4314217865835044,513202_bpc,bpc,***
514901_mpc_mpc,-7.392942489239105,1.3234514076748456,-5.586107994873547,2.3221486319930885e-08,-9.986859583570638,-4.799025394907571,514901_mpc,mpc,***
515002_bpc_bpc,-7.46421197523186,0.930551590876013,-8.021276894712647,1.046515218824389e-15,-9.288059579105298,-5.640364371358424,515002_bpc,bpc,***
513404_cec_cec,-7.5396516130791404,1.6256720447146025,-4.637867543821101,3.5202225296365394e-06,-10.72591027139335,-4.3533929547649315,513404_cec,cec,***
504202_bpc_bpc,-7.81826710095625,1.1091303558057795,-7.049006512202351,1.801997190473479e-12,-9.992122652495674,-5.6444115494168265,504202_bpc,bpc,***
512104_cec_cec,-7.826488770165313,1.060246540311414,-7.381763083015134,1.5620697951225216e-13,-9.90453380390888,-5.748443736421747,512104_cec,cec,***
513103_mec_mec,-7.82696514927979,1.2034186790553618,-6.503941882823077,7.824213482348486e-11,-10.185622418551066,-5.468307880008514,513103_mec,mec,***
509202_bpc_bpc,-8.102453249073312,0.9491807921860336,-8.536259178204357,1.386371939719415e-17,-9.962813416575136,-6.242093081571489,509202_bpc,bpc,***
512602_bpc_bpc,-8.171038913125841,1.217192167314833,-6.713022916629039,1.906331601407185e-11,-10.556691723327166,-5.785386102924517,512602_bpc,bpc,***
507602_bpc_bpc,-8.313393573321559,1.1836981512006322,-7.02323777805113,2.1678481087927736e-12,-10.633399318241445,-5.993387828401673,507602_bpc,bpc,***
507302_bpc_bpc,-8.324572201382185,1.1883160974145668,-7.005351706918769,2.4636615701237175e-12,-10.653628954563928,-5.995515448200444,507302_bpc,bpc,***
503102_bpc_bpc,-8.434270707073999,0.9973310025834881,-8.456841996514546,2.7471574620224752e-17,-10.389003552802858,-6.479537861345139,503102_bpc,bpc,***
511802_bpc_bpc,-8.518385046213128,1.2987732301827288,-6.558793212125759,5.42449616015336e-11,-11.063933801456026,-5.97283629097023,511802_bpc,bpc,***
514602_bpc_bpc,-9.318259424720063,1.2079331817528867,-7.7142176119360455,1.2172662890720939e-14,-11.685764956686596,-6.95075389275353,514602_bpc,bpc,***
512701_mpc_mpc,-9.440550723637955,0.9425047948479286,-10.016448484128052,1.2905736929434383e-23,-11.287826176796207,-7.593275270479703,512701_mpc,mpc,***
503002_bpc_bpc,-9.56025657555459,0.9614131901049615,-9.943962360773162,2.679518860643953e-23,-11.444591802422075,-7.675921348687105,503002_bpc,bpc,***
507002_bpc_bpc,-9.621538667487291,1.0316154146037433,-9.326672063331904,1.0924724353736789e-20,-11.643467726006984,-7.599609608967599,507002_bpc,bpc,***
506002_bpc_bpc,-9.872485764754273,1.1793033464108074,-8.371455736813637,5.691074906616635e-17,-12.183877850567018,-7.561093678941528,506002_bpc,bpc,***
504002_bpc_bpc,-10.027194446935683,1.1923806173162235,-8.409390677202225,4.121461698312627e-17,-12.364217512739117,-7.690171381132249,504002_bpc,bpc,***
511901_mpc_mpc,-10.38532873251231,1.4957310401027828,-6.943312971427441,3.830095834247967e-12,-13.316907701672399,-7.453749763352221,511901_mpc,mpc,***
514202_bpc_bpc,-10.385693797025013,1.1419248316068544,-9.09490144146426,9.467229676983631e-20,-12.623825340026414,-8.147562254023612,514202_bpc,bpc,***
513704_cec_cec,-10.395818875083341,1.010817755043528,-10.284562991907157,8.2716448351731755e-25,-12.376985269902287,-8.414652480264396,513704_cec,cec,***
512801_mpc_mpc,-10.527933535931341,1.2466978740337007,-8.444655080599544,3.0494449227739505e-17,-12.971416468640047,-8.084450603222635,512801_mpc,mpc,***
506802_bpc_bpc,-10.854002707493452,1.7127453569625664,-6.337195814526838,2.3398454450927364e-10,-14.21092192182828,-7.497083493158623,506802_bpc,bpc,***
505302_bpc_bpc,-10.863871722724499,0.9592383839783885,-11.325518144579648,9.809708807785418e-30,-12.743944407910544,-8.983799037538454,505302_bpc,bpc,***
505602_bpc_bpc,-10.924888418319433,1.2098935432974471,-9.02962783696218,1.7225661657314455e-19,-13.296236188309983,-8.553540648328884,505602_bpc,bpc,***
514402_bpc_bpc,-11.007731417055009,1.6808026486670633,-6.549092141058044,5.788790866530246e-11,-14.302044073561984,-7.713418760548035,514402_bpc,bpc,***
502202_bpc_bpc,-11.453408215248816,1.0272412886649538,-11.149676654969884,7.186704489517455e-29,-13.466764144464639,-9.440052286032993,502202_bpc,bpc,***
503302_bpc_bpc,-11.517933098472666,1.1423878320836698,-10.08233173970736,6.613766222974308e-24,-13.75697210573345,-9.278894091211882,503302_bpc,bpc,***
512201_mpc_mpc,-11.903332631516244,0.9692605812251709,-12.280838468092986,1.148022478930828e-34,-13.803048462351938,-10.00361680068055,512201_mpc,mpc,***
513602_bpc_bpc,-13.320501212470639,1.2613530312935515,-10.56048614622197,4.543028583086297e-26,-15.792707725596422,-10.848294699344855,513602_bpc,bpc,***
514302_bpc_bpc,-13.442798582575836,1.251649057740324,-10.740070069516861,6.599428013674494e-27,-15.895985657030366,-10.989611508121307,514302_bpc,bpc,***
513104_cec_cec,-13.626064981250124,1.4765067480993186,-9.228582936576972,2.7423577297400143e-20,-16.519965030455143,-10.732164932045105,513104_cec,cec,***
512401_mpc_mpc,-13.719923195566945,1.326247287556023,-10.344920833617458,4.412808597237332e-25,-16.319320113770686,-11.120526277363204,512401_mpc,mpc,***
508302_bpc_bpc,-14.13681695030447,1.0117149869322728,-13.973122008571007,2.2743403869676593e-44,-16.119741887311136,-12.153892013297803,508302_bpc,bpc,***
505702_bpc_bpc,-15.440983751998195,1.0825901524407082,-14.26300037663041,3.72105648358587e-46,-17.56282146079971,-13.31914604319668,505702_bpc,bpc,***
511902_bpc_bpc,-15.489579621553656,1.6329799461035728,-9.485468366291387,2.412970005813855e-21,-18.690161503392815,-12.288997739714494,511902_bpc,bpc,***
511402_bpc_bpc,-15.912310962249515,1.0720465385756106,-14.842929284946553,7.73052047106573e-50,-18.013483567608542,-13.811138356890488,511402_bpc,bpc,***
512902_bpc_bpc,-16.310991631749836,1.2518702317040316,-13.029299058854926,8.33700005243106e-39,-18.76461219920755,-13.85737106429212,512902_bpc,bpc,***
514002_bpc_bpc,-16.31471224125074,2.0028369874123526,-8.145801352674837,3.7677824335322777e-16,-20.24020060348365,-12.389223879017827,514002_bpc,bpc,***
514902_bpc_bpc,-16.589180781982144,1.2646719702985143,-13.117378396602257,2.6183692674311116e-39,-19.067892296024542,-14.110469267939747,514902_bpc,bpc,***
512501_mpc_mpc,-17.19164239184239,1.2658390912409627,-13.581222535155396,5.1755296951232163e-42,-19.672641420897587,-14.710643362787192,512501_mpc,mpc,***
514802_bpc_bpc,-18.262544125550153,1.3123407043015318,-13.91600829395141,5.064070855171125e-44,-20.834684641427085,-15.690403609673222,514802_bpc,bpc,***
510102_bpc_bpc,-18.368870908178405,1.6612545643026326,-11.057228255616174,2.022511945681459e-28,-21.624870023364345,-15.112871792992465,510102_bpc,bpc,***
511202_bpc_bpc,-18.612599994519172,1.382624963791712,-13.461784997340102,2.624973598037815e-41,-21.322495127676923,-15.902704861361421,511202_bpc,bpc,***
512202_bpc_bpc,-20.140930718279503,1.470043193077024,-13.700910839307703,1.0025865895363278e-42,-23.02216243242873,-17.259699004130276,512202_bpc,bpc,***
512702_bpc_bpc,-20.21989276577286,1.182399677874126,-17.10072587479629,1.465674058462099e-65,-22.537353549737908,-17.902431981807815,512702_bpc,bpc,***
514501_mpc_mpc,-20.589315572641244,1.1834138933153624,-17.398237158564857,8.508121725139901e-68,-22.90876418234368,-18.269866962938806,514501_mpc,mpc,***
512402_bpc_bpc,-22.94792284719549,1.2410325598840641,-18.490991766839105,2.4402492023707762e-76,-25.380301968209803,-20.515543726181175,512402_bpc,bpc,***
511702_bpc_bpc,-23.437983984579212,1.7660760427577735,-13.27122016104142,3.3999915246572562e-40,-26.89942942234347,-19.976538546814954,511702_bpc,bpc,***
514702_bpc_bpc,-23.552798388625714,1.9408354841710005,-12.135391474814233,6.858123214418202e-34,-27.356766037518234,-19.748830739733194,514702_bpc,bpc,***
514502_bpc_bpc,-27.032097670761868,1.5174810858766299,-17.81379545508191,5.52341306342962e-71,-30.006305946300795,-24.05788939522294,514502_bpc,bpc,***
512802_bpc_bpc,-27.787162442049773,1.098527298156133,-25.294922109528137,3.632801014389283e-141,-29.940236382469887,-25.63408850162966,512802_bpc,bpc,***
512502_bpc_bpc,-29.078294416502942,1.8794454206866844,-15.47174187472746,5.383050936495933e-54,-32.76193975195758,-25.39464908104831,512502_bpc,bpc,***
