specification,college_code,value_added,std_error,t_value,p_value,ci_lower,ci_upper,sig,baseline_college
attempt_1,503801_mpc,3.995790633323197,1.4079224865396165,2.8380757261317897,0.004538641346567547,1.2363132666814698,6.755267999964924,**,501502_bpc
attempt_1,504904_cec,1.8330655228408916,1.817817563705953,1.0083880579874325,0.3132682036698078,-1.7297914324871215,5.395922478168905,,501502_bpc
attempt_1,507802_bpc,1.0133542679005754,1.4857727878613627,0.6820385163731585,0.4952145963547563,-1.8987068855173657,3.925415421318516,,501502_bpc
attempt_1,503802_bpc,0.44084032499975934,1.6425363313869301,0.2683899994026441,0.7883991365495031,-2.778471727817171,3.6601523778166896,,501502_bpc
attempt_1,505101_mpc,0.1120231700442366,1.2340978182961304,0.09077333124119977,0.9276727011325336,-2.306764107215635,2.530810447304108,,501502_bpc
attempt_1,501502_bpc,0.0,,,,,,,501502_bpc
attempt_1,503202_bpc,-1.108138167011854,1.40994758087173,-0.7859428123751409,0.4319009913327193,-3.87158464560982,1.6553083115861122,,501502_bpc
attempt_1,505501_mpc,-1.2255410159460864,1.2311676638444768,-0.9954298280700287,0.31952725738608345,-3.638585296011577,1.187503264119404,,501502_bpc
attempt_1,506601_mpc,-1.3146347852390938,1.5350591881882467,-0.8564065772543216,0.39177292785904627,-4.323295508225351,1.6940259377471627,,501502_bpc
attempt_1,504402_bpc,-1.35623960788893,1.7579596598274316,-0.7714850567288125,0.4404194764068944,-4.801777227424981,2.089298011647121,,501502_bpc
attempt_1,506102_bpc,-1.3793380055716584,1.4270952961886845,-0.9665353177572861,0.3337763831432311,-4.176393388608001,1.417717377464684,,501502_bpc
attempt_1,503201_mpc,-1.580476032079623,1.3817339815515517,-1.1438352484498524,0.2526919686772352,-4.288624872135795,1.1276728079765497,,501502_bpc
attempt_1,504903_mec,-1.5877862067513906,1.857001142262419,-0.8550270490501481,0.3925361734329845,-5.227441564835473,2.051869151332692,,501502_bpc
attempt_1,501802_bpc,-1.8546645452221873,0.6620808225842809,-2.8012660719924325,0.005090253087484998,-3.152319112342031,-0.5570099781023434,**,501502_bpc
attempt_1,506602_bpc,-2.2118338815805387,1.3562547547789932,-1.6308395408655842,0.10292418167447163,-4.870044354808568,0.44637659164749044,,501502_bpc
attempt_1,507801_mpc,-2.2127683291876363,1.6267353319014972,-1.3602509798573827,0.173750514977558,-5.401110992093383,0.9755743337181095,,501502_bpc
attempt_1,506302_bpc,-2.6337517811923585,1.4551149658831726,-1.8099956655959621,0.07029645933181851,-5.485724707688606,0.21822114530388914,,501502_bpc
attempt_1,509002_bpc,-2.8261853556496375,1.556894986335725,-1.815270381402722,0.06948236834311275,-5.877643456578639,0.22527274527936347,,501502_bpc
attempt_1,507402_bpc,-3.092975040101744,1.4188437311829565,-2.1799264937534635,0.02926291069939357,-5.873857652910769,-0.31209242729271924,*,501502_bpc
attempt_1,508702_bpc,-3.4100320206117622,1.5530118560422466,-2.1957540165224594,0.02810955458537193,-6.453879326018269,-0.366184715205256,*,501502_bpc
attempt_1,503905_hec,-3.442181742760496,1.6791831198686458,-2.0499144506822824,0.040372779791282,-6.733320181150646,-0.15104330437034585,*,501502_bpc
attempt_1,501801_mpc,-3.4567918222868794,0.8641817067338312,-4.000075210283958,6.332235587548029e-05,-5.150556843583543,-1.7630268009902152,***,501502_bpc
attempt_1,502702_bpc,-3.5206254395338776,1.3944777553455705,-2.5246910006545202,0.011580005880341165,-6.253751617253453,-0.7874992618143026,*,501502_bpc
attempt_1,501602_bpc,-3.559581562879964,0.7227923144984802,-4.924763990261615,8.446223222692223e-07,-4.976228467599333,-2.142934658160595,***,501502_bpc
attempt_1,505102_bpc,-3.6437682435327816,1.6337330245244106,-2.2303327341953585,0.02572536156581374,-6.845826131954319,-0.441710355111244,*,501502_bpc
attempt_1,507502_bpc,-3.6558892150369133,1.4795357028028613,-2.470970594431162,0.013474689820568618,-6.555725906371679,-0.7560525237021483,*,501502_bpc
attempt_1,507401_mpc,-3.6586249588334954,1.39164058081644,-2.629001345079398,0.008563602220439533,-6.386190376658121,-0.9310595410088705,**,501502_bpc
attempt_1,506501_mpc,-3.8536669576032696,1.410498928769661,-2.73213036819866,0.006292623603258579,-6.618194058224132,-1.0891398569824071,**,501502_bpc
attempt_1,502102_bpc,-3.962443377165294,0.8641160910257081,-4.58554518115947,4.528033397621559e-06,-5.6560797940372165,-2.268806960293371,***,501502_bpc
attempt_1,506701_mpc,-4.242595691419875,1.674910348415411,-2.533028526233469,0.011308174980705998,-7.5253596516475145,-0.9598317311922355,*,501502_bpc
attempt_1,506502_bpc,-4.522528395643882,1.3590251211307414,-3.3277739501099366,0.0008754286922143623,-7.1861686871453205,-1.8588881041424448,***,501502_bpc
attempt_1,506101_mpc,-4.5601849530334775,1.1422873463263392,-3.992152209073567,6.547632180812588e-05,-6.799027011828934,-2.321342894238021,***,501502_bpc
attempt_1,504702_bpc,-4.5879214565263515,1.7715671596827134,-2.5897530508231172,0.009604480369395844,-8.06012928569839,-1.1157136273543142,**,501502_bpc
attempt_1,508101_mpc,-4.624878080995709,1.5373046460844533,-3.008433034256007,0.0026259866770205653,-7.637939820587331,-1.611816341404086,**,501502_bpc
attempt_1,508701_mpc,-4.719667256449831,1.4501076926511764,-3.2547012062400995,0.0011351172132428432,-7.5618261077506155,-1.8775084051490474,**,501502_bpc
attempt_1,505401_mpc,-4.8915659276201024,1.5392633092938388,-3.177861707016316,0.0014836549933042336,-7.908466576559965,-1.8746652786802405,**,501502_bpc
attempt_1,506202_bpc,-4.900107746630554,1.3801252561970356,-3.550480454312462,0.00038452868784102717,-7.605103542930859,-2.195111950330249,***,501502_bpc
attempt_1,501601_mpc,-4.920442117643431,0.9336284355463851,-5.270235920742767,1.362485210914484e-07,-6.750320226256822,-3.0905640090300412,***,501502_bpc
attempt_1,506404_cec,-4.976430561843832,1.3139254530280444,-3.787452743513916,0.00015219962040925855,-7.551677128149273,-2.40118399553839,***,501502_bpc
attempt_1,506201_mpc,-4.994530995885396,1.386121117297373,-3.6032428433264307,0.0003142716583570543,-7.711278463998667,-2.2777835277721246,***,501502_bpc
attempt_1,507201_mpc,-5.093425624827443,1.8408357227578152,-2.7669093780931298,0.0056590483586483765,-8.701397342887521,-1.4854539067673653,**,501502_bpc
attempt_1,506904_cec,-5.100651584524901,1.4096218840738313,-3.6184537443359854,0.0002963684556599447,-7.863459709129106,-2.337843459920697,***,501502_bpc
attempt_1,502201_mpc,-5.179415543495958,1.3822056671953475,-3.747210466880505,0.00017881204742434135,-7.888488870425995,-2.470342216565921,***,501502_bpc
attempt_1,502504_cec,-5.212221203725664,1.3877213111426996,-3.755956734161367,0.00017268052634611552,-7.9321049941440585,-2.4923374133072707,***,501502_bpc
attempt_1,507501_mpc,-5.265606127674176,1.423515869561456,-3.6990147003393483,0.00021643806620566308,-8.055645963435847,-2.475566291912505,***,501502_bpc
attempt_1,502101_mpc,-5.411673022871592,0.9629953866886093,-5.619625075754897,1.9137229442645278e-08,-7.299109298059489,-3.5242367476836955,***,501502_bpc
attempt_1,505902_bpc,-5.411707802315045,1.4424469376572682,-3.751755202242934,0.00017560088209831045,-8.238851849733383,-2.584563754896707,***,501502_bpc
attempt_1,508202_bpc,-5.480216306918495,1.4746351259201746,-3.7163202005640756,0.00020214537361164944,-8.370448044059724,-2.5899845697772648,***,501502_bpc
attempt_1,504401_mpc,-5.587439796593413,1.883156685326553,-2.967060489512327,0.003006618009202919,-9.278359077079285,-1.8965205161075418,**,501502_bpc
attempt_1,507701_mpc,-5.7193002947309575,1.4933131213508677,-3.8299404277364246,0.00012817428474616122,-8.64614023021975,-2.7924603592421655,***,501502_bpc
attempt_1,505402_bpc,-5.766954196637754,1.4930275064699103,-3.8625907236451695,0.00011219087979171398,-8.693234337246421,-2.8406740560290875,***,501502_bpc
attempt_1,509302_bpc,-5.897650257130557,1.4946444038543605,-3.9458551090291505,7.951568883337241e-05,-8.827099458379443,-2.9682010558816714,***,501502_bpc
attempt_1,504701_mpc,-6.110392909168697,1.6329334505145239,-3.7419730162569467,0.00018258112392715453,-9.310883661327882,-2.9099021570095114,***,501502_bpc
attempt_1,507001_mpc,-6.176750639133088,1.4772111323764958,-4.181359389836241,2.89771426258349e-05,-9.07203125615265,-3.281470022113526,***,501502_bpc
attempt_1,506801_mpc,-6.2514553465260825,1.6126814963501064,-3.876435217167592,0.00010599801508501692,-9.412252997906453,-3.0906576951457114,***,501502_bpc
attempt_1,509104_cec,-6.467545796350284,1.5817887823111783,-4.088754370163406,4.336957917551426e-05,-9.567794840829661,-3.367296751870907,***,501502_bpc
attempt_1,505901_mpc,-6.545389257009128,1.6394819589786118,-3.9923521092521623,6.542113392420682e-05,-9.758714849910382,-3.3320636641078742,***,501502_bpc
attempt_1,503601_mpc,-6.616726465198242,1.5681439091966842,-4.219463804561026,2.4488403271368833e-05,-9.690232049799592,-3.5432208805968917,***,501502_bpc
attempt_1,508801_mpc,-6.711443431858488,1.4246133844589193,-4.711063018973076,2.464280134392074e-06,-9.503634357291682,-3.9192525064252925,***,501502_bpc
attempt_1,509401_mpc,-6.936298520603587,1.2952667100659767,-5.355112168558917,8.550335790414259e-08,-9.474974622706586,-4.397622418500588,***,501502_bpc
attempt_1,505502_bpc,-6.951185005128,1.4265061098421536,-4.872874330623908,1.0998619047026006e-06,-9.74708560414496,-4.15528440611104,***,501502_bpc
attempt_1,508502_bpc,-7.093484997693727,1.4653349679277394,-4.8408624327891765,1.292768458165581e-06,-9.965488760119252,-4.221481235268202,***,501502_bpc
attempt_1,508102_bpc,-7.1877446103529445,1.8773487975954748,-3.8286676506566453,0.00012883885234738713,-10.86728064005965,-3.5082085806462384,***,501502_bpc
attempt_1,508802_bpc,-7.264640270767394,1.5479539164096239,-4.693059782824313,2.6914879491813474e-06,-10.298574196657983,-4.230706344876806,***,501502_bpc
attempt_1,505801_mpc,-7.487322695768756,1.4925243103424564,-5.016549910701827,5.260761456434412e-07,-10.412616590090453,-4.56202880144706,***,501502_bpc
attempt_1,503904_cec,-7.701769911526943,1.4769847331936186,-5.214522356553915,1.8429147678165698e-07,-10.596606794301938,-4.80693302875195,***,501502_bpc
attempt_1,503602_bpc,-7.800889671235181,1.545732801834096,-5.04672583901888,4.494455590555193e-07,-10.830470292552198,-4.771309049918164,***,501502_bpc
attempt_1,515001_mpc,-7.840372021514192,1.7542592032025466,-4.469334980372877,7.846316667262823e-06,-11.278656879339115,-4.402087163689268,***,501502_bpc
attempt_1,506903_mec,-7.861754121057734,1.9493706212523192,-4.0329704548472,5.507620648509311e-05,-11.68245033123275,-4.041057910882718,***,501502_bpc
attempt_1,515002_bpc,-8.115278266442688,1.527807984652808,-5.31171347967976,1.085992541125499e-07,-11.109726891654915,-5.120829641230461,***,501502_bpc
attempt_1,508201_mpc,-8.140038369084195,1.5804191941355474,-5.1505565101268,2.5971466184397575e-07,-11.237603070065683,-5.042473668102707,***,501502_bpc
attempt_1,506702_bpc,-8.280159809250573,1.500542054642289,-5.518112460516452,3.4266013419946056e-08,-11.221168193637194,-5.339151424863953,***,501502_bpc
attempt_1,507702_bpc,-8.289924755763897,1.7051009992779849,-4.861837955214511,1.1630081331079064e-06,-11.631861304352004,-4.94798820717579,***,501502_bpc
attempt_1,509001_mpc,-8.294486526318424,1.4522331426597985,-5.711539203083384,1.1195889849258125e-08,-11.140811183087049,-5.448161869549801,***,501502_bpc
attempt_1,509402_bpc,-8.337650020263686,1.4217238771265641,-5.864465072581358,4.505829270365402e-09,-11.124177615392401,-5.551122425134971,***,501502_bpc
attempt_1,505802_bpc,-8.361195955952605,1.4614284779427347,-5.721248820689968,1.0574390064127559e-08,-11.225543138701553,-5.496848773203656,***,501502_bpc
attempt_1,507202_bpc,-8.36350902228533,1.6859466984899816,-4.960719713011158,7.02324713227924e-07,-11.667903831179903,-5.059114213390757,***,501502_bpc
attempt_1,506001_mpc,-8.565088016177382,1.555455234859052,-5.506483133828992,3.6607301770776085e-08,-11.613724256065415,-5.516451776289349,***,501502_bpc
attempt_1,513202_bpc,-8.572554709073604,2.8808963700432733,-2.9756553544287456,0.0029236322517976632,-14.219007837550595,-2.9261015805966117,**,501502_bpc
attempt_1,509301_mpc,-8.666989832233963,1.4238640460244152,-6.086950405435934,1.1508159867147921e-09,-11.457712081323297,-5.876267583144627,***,501502_bpc
attempt_1,504202_bpc,-8.667937149641228,1.7011992892848753,-5.095192082571892,3.4838784074087787e-07,-12.00222648716472,-5.333647812117736,***,501502_bpc
attempt_1,508002_bpc,-9.072052498770834,1.5645741097572088,-5.798416605640137,6.694397877789691e-09,-12.13856140503878,-6.005543592502887,***,501502_bpc
attempt_1,505204_cec,-9.101711169195394,1.488714026924294,-6.113807624960496,9.728156881938608e-10,-12.019537045246603,-6.183885293144185,***,501502_bpc
attempt_1,502701_mpc,-9.109551978100423,1.3910982032439287,-6.548460746234654,5.8133132180876795e-11,-11.836054355416904,-6.383049600783943,***,501502_bpc
attempt_1,507302_bpc,-9.150085431621456,1.5571951369955659,-5.876004371087058,4.202872312693663e-09,-12.202131817033681,-6.098039046209231,***,501502_bpc
attempt_1,509502_bpc,-9.151760578025746,1.5072398208287585,-6.0718675631815735,1.264311843561892e-09,-12.105896342914717,-6.197624813136775,***,501502_bpc
attempt_1,509501_mpc,-9.163004479072118,1.3788723345214644,-6.6452885083462965,3.026237085894674e-11,-11.865544594012853,-6.460464364131383,***,501502_bpc
attempt_1,502004_cec,-9.23361857237988,1.0186783958151318,-9.064311769360017,1.2539333642898633e-19,-11.230191540006576,-7.237045604753185,***,501502_bpc
attempt_1,501904_cec,-9.266935404264926,1.5646968370836392,-5.922511750926209,3.1706114216142142e-09,-12.333684851672595,-6.200185956857256,***,501502_bpc
attempt_1,508402_bpc,-9.32798200092416,1.4876930589135493,-6.270098489090427,3.608198052419869e-10,-12.243806816444941,-6.412157185403379,***,501502_bpc
attempt_1,509202_bpc,-9.451906344359578,1.453316966447775,-6.5036785247626385,7.837930407460297e-11,-12.300355256718223,-6.603457432000933,***,501502_bpc
attempt_1,506002_bpc,-9.531730766818518,1.6191287274999415,-5.886950558610764,3.9338633163341735e-09,-12.70516475905257,-6.358296774584465,***,501502_bpc
attempt_1,512602_bpc,-9.548397319462694,1.8942832346452738,-5.04063866734836,4.639807860700945e-07,-13.261124235885468,-5.835670403039921,***,501502_bpc
attempt_1,507602_bpc,-9.61274931712062,1.7423175709886543,-5.517219981697135,3.4440422347501955e-08,-13.027629005889692,-6.197869628351549,***,501502_bpc
attempt_1,514602_bpc,-9.983089893069458,1.7473135030408529,-5.713393661581547,1.1074508724667635e-08,-13.407761428730048,-6.558418357408868,***,501502_bpc
attempt_1,502202_bpc,-10.045899645512046,1.0678259137527857,-9.407806568588098,5.065980231190123e-21,-12.13879997822608,-7.952999312798012,***,501502_bpc
attempt_1,508903_mec,-10.10988949155386,1.591943160881936,-6.35065983508669,2.143933195811602e-10,-13.230040752317308,-6.989738230790412,***,501502_bpc
attempt_1,508001_mpc,-10.28256784643855,1.5758325897647927,-6.525165117935095,6.79266619135218e-11,-13.371142968042026,-7.193992724835074,***,501502_bpc
attempt_1,508401_mpc,-10.298659072422025,1.4514002378874535,-7.095671341085048,1.2872506070203008e-12,-13.143351265834301,-7.453966879009749,***,501502_bpc
attempt_1,501903_mec,-10.547104866483988,1.435768501420663,-7.34596479589004,2.042801417908701e-13,-13.361159419405531,-7.733050313562443,***,501502_bpc
attempt_1,506301_mpc,-10.624465958794708,1.6238268365325683,-6.542856491694407,6.035474164187599e-11,-13.807108075528152,-7.441823842061265,***,501502_bpc
attempt_1,502801_mpc,-10.665352289144607,1.3881734404245136,-7.683011343224565,1.5539182368809255e-14,-13.386122236671712,-7.944582341617503,***,501502_bpc
attempt_1,502802_bpc,-10.721756546115403,1.377538200074299,-7.783273484203279,7.067163166541787e-15,-13.42168180558916,-8.021831286641646,***,501502_bpc
attempt_1,507301_mpc,-10.751368872860102,1.5630028721112983,-6.878662262684901,6.0417206953621645e-12,-13.81479820993091,-7.687939535789293,***,501502_bpc
attempt_1,507002_bpc,-10.79088396579456,1.4944501036709785,-7.220638507292917,5.174403611452924e-13,-13.719952345681827,-7.8618155859072925,***,501502_bpc
attempt_1,505601_mpc,-10.974722584247347,1.3820912814619466,-7.9406640729536475,2.0110164235886986e-15,-13.683571719259573,-8.265873449235121,***,501502_bpc
attempt_1,503102_bpc,-11.080887810070264,1.5476754339618093,-7.1596974190544,8.085532699748587e-13,-14.114275920392808,-8.04749969974772,***,501502_bpc
attempt_1,505602_bpc,-11.127277773833942,1.5862073193529542,-7.015021074529515,2.299142975898171e-12,-14.236186991779556,-8.018368555888328,***,501502_bpc
attempt_1,505203_mec,-11.13295927857072,1.3862314968747302,-8.031096756688955,9.66051255102665e-16,-13.84992308668024,-8.4159954704612,***,501502_bpc
attempt_1,504002_bpc,-11.259285864415272,1.677417916034302,-6.71227233046021,1.9161663887227035e-11,-14.546964566864736,-7.971607161965808,***,501502_bpc
attempt_1,511401_mpc,-11.267802913116137,1.3284045446035546,-8.482207441166855,2.2096116357325242e-17,-13.871427977438437,-8.664177848793837,***,501502_bpc
attempt_1,512601_mpc,-11.315287546926454,1.4452248196312172,-7.829430683188663,4.900841012833298e-15,-14.147876142967036,-8.482698950885872,***,501502_bpc
attempt_1,511802_bpc,-11.404502171073517,1.7910705338783457,-6.367422139639835,1.9223157491220763e-10,-14.914935911246001,-7.894068430901033,***,501502_bpc
attempt_1,511303_mec,-11.408485268373862,2.163585662708257,-5.272952887889519,1.3424603410337848e-07,-15.649035244749271,-7.167935291998454,***,501502_bpc
attempt_1,514201_mpc,-11.50720628949524,1.6404055607266639,-7.014854475619918,2.3018841538313655e-12,-14.722342108558735,-8.292070470431746,***,501502_bpc
attempt_1,509105_hec,-11.550745259237479,1.6089770559972454,-7.1789372111824905,7.025539976754905e-13,-14.704282340943365,-8.397208177531592,***,501502_bpc
attempt_1,503101_mpc,-11.58806753647393,1.5878713564638067,-7.29786294670658,2.9237422279087504e-13,-14.700238207225754,-8.475896865722108,***,501502_bpc
attempt_1,506802_bpc,-11.645789203426869,2.118532361463785,-5.497102340877291,3.860826595689538e-08,-15.79803633197848,-7.493542074875259,***,501502_bpc
attempt_1,509201_mpc,-11.676216966928253,1.4496003627333875,-8.054783419694658,7.961966248669023e-16,-14.517381469861892,-8.835052463994614,***,501502_bpc
attempt_1,514601_mpc,-11.725850162137588,1.707966912899874,-6.865384846494969,6.631223790381572e-12,-15.073403798207401,-8.378296526067775,***,501502_bpc
attempt_1,502005_hec,-12.016268117224216,1.0547098229416505,-11.392961225780667,4.533171539570429e-30,-14.08346138433047,-9.949074850117963,***,501502_bpc
attempt_1,514402_bpc,-12.21380895413359,2.3516917339862022,-5.193626689085964,2.0623648468116066e-07,-16.823040055487095,-7.604577852780085,***,501502_bpc
attempt_1,508501_mpc,-12.30208742590363,1.6238152097142122,-7.576039042071031,3.562646374256879e-14,-15.484706754491842,-9.11946809731542,***,501502_bpc
attempt_1,503302_bpc,-12.376412949052673,1.7949772135742188,-6.8950251041952475,5.385529173754396e-12,-15.894503640728203,-8.858322257377143,***,501502_bpc
attempt_1,507601_mpc,-12.540588424053599,1.8503987519946041,-6.777235669087918,1.2249698598408621e-11,-16.167303335000888,-8.913873513106312,***,501502_bpc
attempt_1,513201_mpc,-12.56516254043625,1.620208716741987,-7.75527400303279,8.815293329206216e-15,-15.740713272688403,-9.389611808184096,***,501502_bpc
attempt_1,508301_mpc,-12.711053792953928,1.57783912194172,-8.055988482090275,7.883905766526177e-16,-15.803561645358002,-9.618545940549854,***,501502_bpc
attempt_1,505301_mpc,-12.886700158635307,1.4827624236732477,-8.691008048822198,3.592375873400232e-18,-15.792861106664194,-9.98053921060642,***,501502_bpc
attempt_1,505302_bpc,-13.117884725002549,1.4989041141426136,-8.751650356571403,2.1025497123527455e-18,-16.055682805000984,-10.180086645004112,***,501502_bpc
attempt_1,514701_mpc,-13.151121662709178,1.615626133959127,-8.139953536454668,3.9542961800113165e-16,-16.317690697750752,-9.984552627667604,***,501502_bpc
attempt_1,508904_cec,-13.289550932151007,1.677101341061116,-7.924119197080003,2.297691406246773e-15,-16.57660915905462,-10.002492705247395,***,501502_bpc
attempt_1,503001_mpc,-13.429398826884922,1.5665952625713453,-8.57234740059309,1.0139666598404878e-17,-16.49986911987583,-10.358928533894016,***,501502_bpc
attempt_1,513903_mec,-13.569844003283,1.7759023987886453,-7.641097851176439,2.153772952343319e-14,-17.050548744967035,-10.089139261598968,***,501502_bpc
attempt_1,514302_bpc,-13.583604030716586,2.260436330424975,-6.009284069577307,1.863443690534552e-09,-18.013977827695417,-9.153230233737755,***,501502_bpc
attempt_1,511801_mpc,-13.695841144279175,1.6318282850767507,-8.392942608930824,4.7412307958221924e-17,-16.894165811983367,-10.497516476574983,***,501502_bpc
attempt_1,513904_cec,-13.718071507820975,1.6912941258032286,-8.11099104439093,5.020855637445134e-16,-17.032947081659458,-10.403195933982492,***,501502_bpc
attempt_1,503002_bpc,-13.770326733626536,1.5005859277989855,-9.176633259399173,4.447800074508997e-20,-16.71142110782017,-10.829232359432902,***,501502_bpc
attempt_1,502505_hec,-13.813899453618564,1.5551820829185765,-8.882496529084438,6.537628768219849e-19,-16.862000325540958,-10.76579858169617,***,501502_bpc
attempt_1,513403_mec,-14.078230681474645,2.004315403309241,-7.023959731203317,2.1566699021018913e-12,-18.00661668561963,-10.149844677329659,***,501502_bpc
attempt_1,503301_mpc,-14.256961450041448,1.8265552686025086,-7.805381909384764,5.932162796782146e-15,-17.83694399227425,-10.676978907808646,***,501502_bpc
attempt_1,507904_cec,-14.274053193564246,1.7073277863658438,-8.360464409676995,6.247184297384927e-17,-17.620354164645796,-10.927752222482697,***,501502_bpc
attempt_1,511201_mpc,-14.478799212332593,1.7682405901658786,-8.188251809655798,2.65047830780414e-16,-17.944487085059563,-11.01311133960562,***,501502_bpc
attempt_1,504201_mpc,-14.50171989948329,1.5912555322767068,-9.113382235180538,7.985288339858324e-20,-17.62052343294575,-11.38291636602083,***,501502_bpc
attempt_1,512901_mpc,-14.510226162890701,1.430962326945235,-10.140187403721935,3.663960019923747e-24,-17.31486078693699,-11.705591538844411,***,501502_bpc
attempt_1,513601_mpc,-14.65381392991444,1.4296264146967332,-10.250100151530114,1.1822097984033293e-24,-17.455830214067163,-11.85179764576172,***,501502_bpc
attempt_1,514301_mpc,-14.690384036096049,1.6515481247228037,-8.894917330103043,5.84628033250695e-19,-17.92735887928741,-11.453409192904688,***,501502_bpc
attempt_1,508302_bpc,-14.95041405767809,1.512180478902651,-9.88665987047208,4.7563305404336405e-23,-17.91423333445182,-11.986594780904364,***,501502_bpc
attempt_1,514202_bpc,-14.951515831220837,1.7844926745526113,-8.37858067137727,5.3569760080017404e-17,-18.44905720401951,-11.453974458422163,***,501502_bpc
attempt_1,511604_cec,-14.984578087716681,1.935121488003409,-7.743481833369152,9.673061469946764e-15,-18.77734650991292,-11.191809665520442,***,501502_bpc
attempt_1,513503_mec,-15.099222308206752,1.559991269877486,-9.679042825279765,3.701652592121511e-22,-18.156749013363527,-12.041695603049975,***,501502_bpc
attempt_1,504503_mec,-15.305032687491517,2.3501293647353547,-6.512421365882979,7.394892853316768e-11,-19.911201601382807,-10.698863773600225,***,501502_bpc
attempt_1,514801_mpc,-15.39477846415159,1.5186747841120327,-10.136981679822187,3.786175307325206e-24,-18.371326345240316,-12.418230583062865,***,501502_bpc
attempt_1,511603_mec,-15.49086031602589,2.4478123599432817,-6.328450893345774,2.476346378966346e-10,-20.288484382426716,-10.693236249625063,***,501502_bpc
attempt_1,511402_bpc,-15.55770572440439,1.6417310360776287,-9.47640349272702,2.631983591964337e-21,-18.77543942741817,-12.339972021390608,***,501502_bpc
attempt_1,514401_mpc,-15.679771594389798,2.739611965522367,-5.723354910008252,1.044407646372007e-08,-21.049312378428624,-10.310230810350971,***,501502_bpc
attempt_1,512902_bpc,-15.887039169404291,1.7121500460651427,-9.2789993528405,1.7107762961537196e-20,-19.242791595820567,-12.531286742988017,***,501502_bpc
attempt_1,505701_mpc,-17.073990225624645,1.5439776277735193,-11.058444059352114,1.9952869952827446e-28,-20.100130768996333,-14.047849682252957,***,501502_bpc
attempt_1,511202_bpc,-17.448834515284073,1.9140646967523771,-9.116115325093126,7.786538649400718e-20,-21.200332384998312,-13.697336645569834,***,501502_bpc
attempt_1,514001_mpc,-17.565800066812688,2.1298056345754786,-8.247607096933038,1.6159765594466363e-16,-21.740142404651102,-13.391457728974274,***,501502_bpc
attempt_1,504001_mpc,-17.698353732238324,1.690709915537064,-10.468001381902548,1.2117431609513808e-25,-21.012084274995726,-14.384623189480923,***,501502_bpc
attempt_1,505702_bpc,-17.70483733529003,1.5840066563654465,-11.17724932792539,5.269810677520007e-29,-20.80943333303802,-14.600241337542041,***,501502_bpc
attempt_1,514901_mpc,-17.92105250274777,1.958776540575655,-9.149105133493707,5.7407100084133e-20,-21.760183976038014,-14.081921029457526,***,501502_bpc
attempt_1,514902_bpc,-17.938393283966022,1.647533731575675,-10.888027929364474,1.3145597405946954e-27,-21.167500061169225,-14.709286506762819,***,501502_bpc
attempt_1,511304_cec,-17.983945384812625,1.6987371305579866,-10.586655852342153,3.436501804847145e-26,-21.313408979907194,-14.654481789718055,***,501502_bpc
attempt_1,514802_bpc,-18.09173171907526,1.8833774374990362,-9.606004276604018,7.54190761457196e-22,-21.783083665868705,-14.400379772281811,***,501502_bpc
attempt_1,504504_cec,-18.332323811331765,2.477802112083136,-7.398623046583581,1.3760385188485307e-13,-23.18872671183199,-13.47592091083154,***,501502_bpc
attempt_1,513103_mec,-19.760076330069055,1.6339886246555833,-12.0931541578107,1.1479338948359422e-33,-22.962635185542133,-16.557517474595976,***,501502_bpc
attempt_1,513602_bpc,-20.685244165911246,1.6353828947983038,-12.64856336195348,1.139392290581046e-36,-23.89053574064878,-17.479952591173713,***,501502_bpc
attempt_1,512801_mpc,-20.942454433696014,1.6490941806298722,-12.699368343957794,5.960887255387178e-37,-24.174619634845154,-17.710289232546874,***,501502_bpc
attempt_1,510101_mpc,-21.003148084636084,1.7285771484044123,-12.15054133049447,5.698701737210924e-34,-24.39109704000768,-17.61519912926449,***,501502_bpc
attempt_1,513404_cec,-21.030499951361822,2.0246829654635623,-10.387058275341776,2.839768295872158e-25,-24.99880564378216,-17.062194258941485,***,501502_bpc
attempt_1,511902_bpc,-21.40057376320843,1.9312142436799442,-11.081408410922585,1.5442406345451685e-28,-25.185684127251882,-17.61546339916498,***,501502_bpc
attempt_1,510102_bpc,-21.44987859568556,2.2051901583300584,-9.726997245411741,2.313205564451084e-22,-25.771971885074656,-17.127785306296467,***,501502_bpc
attempt_1,511701_mpc,-21.600067693497465,2.1427221046757756,-10.080666851927521,6.726802205558404e-24,-25.799725847539847,-17.400409539455083,***,501502_bpc
attempt_1,511901_mpc,-22.409321470581897,2.0640304646945093,-10.857069144034476,1.845783559520569e-27,-26.454746844376608,-18.363896096787187,***,501502_bpc
attempt_1,512701_mpc,-22.41757640615586,1.7102002268070369,-13.108158948154117,2.9568938465821764e-39,-25.769507257049884,-19.065645555261835,***,501502_bpc
attempt_1,512702_bpc,-22.622657224941623,1.6863434526963292,-13.415213365207302,4.92513586755536e-41,-25.927829657791353,-19.317484792091893,***,501502_bpc
attempt_1,513504_cec,-22.83301754446004,1.6370653576944834,-13.947529606647045,3.2569240801334025e-44,-26.041606685879408,-19.624428403040675,***,501502_bpc
attempt_1,512104_cec,-23.481408366603535,1.6652243614351683,-14.101047828994142,3.7417234537368075e-45,-26.745188141195175,-20.217628592011895,***,501502_bpc
attempt_1,514702_bpc,-23.712845447766735,2.266724579246263,-10.461282179969034,1.3008330341001595e-25,-28.155543985961117,-19.270146909572354,***,501502_bpc
attempt_1,512202_bpc,-24.146570403902732,2.0474029640297173,-11.793755713031318,4.203678211257102e-32,-28.159406475241532,-20.133734332563932,***,501502_bpc
attempt_1,514002_bpc,-24.187400045274135,2.4409306405093054,-9.90908944476496,3.8009434946192056e-23,-28.97153618943266,-19.40326390111561,***,501502_bpc
attempt_1,512201_mpc,-25.414030111967374,1.8322181343933144,-13.87063561642047,9.542740354423701e-44,-29.00511166719944,-21.82294855673531,***,501502_bpc
attempt_1,511702_bpc,-26.66158523762668,2.169906597757584,-12.286973672129108,1.0641576727393346e-34,-30.914524019047388,-22.408646456205975,***,501502_bpc
attempt_1,513104_cec,-27.4412260838006,1.8550279907710006,-14.792890576489508,1.6280891110084182e-49,-31.07701413602546,-23.80543803157574,***,501502_bpc
attempt_1,513704_cec,-27.6424427765678,1.5470515549277362,-17.867822625897556,2.100337366644778e-71,-30.674608106452855,-24.610277446682748,***,501502_bpc
attempt_1,512402_bpc,-27.788979473896703,2.0047788705479035,-13.861368893169754,1.085835279017744e-43,-31.718273857137483,-23.859685090655923,***,501502_bpc
attempt_1,512802_bpc,-27.900022484946703,1.6446729364935662,-16.963872795541587,1.5198828448912655e-64,-31.123522206821825,-24.67652276307158,***,501502_bpc
attempt_1,514502_bpc,-28.13756542727044,2.316492241640683,-12.146626231453157,5.978198892201199e-34,-32.67780679135264,-23.597324063188246,***,501502_bpc
attempt_1,512401_mpc,-28.25434355297058,1.9603290417984953,-14.413061761840124,4.28294684406968e-47,-32.09651787274355,-24.412169233197616,***,501502_bpc
attempt_1,512501_mpc,-29.372774685190326,2.0144583210290716,-14.580979104191867,3.7115512716942055e-48,-33.321040442764335,-25.42450892761632,***,501502_bpc
attempt_1,512502_bpc,-32.59085484249706,2.296327136491054,-14.192601012544811,1.0181130473123828e-45,-37.09157332674152,-28.0901363582526,***,501502_bpc
attempt_1,514501_mpc,-34.227312222858274,2.0633756040037485,-16.588018272797264,8.508170042653997e-62,-38.2714540932842,-30.183170352432345,***,501502_bpc
