stream,college_code,coef,std_err
BPC,501602_bpc,-10.258765031265028,4.5517725570574115
BPC,501802_bpc,9.150848164181493,3.569388641885765
BPC,502102_bpc,-6.8752278025005396,5.769800168129349
BPC,502202_bpc,-10.680327245053272,5.198535041827178
BPC,502702_bpc,14.950612244897957,6.7991037638093035
BPC,502802_bpc,1.8442430703624795,4.511172324346717
BPC,503002_bpc,-23.402142857142856,10.93283772818004
BPC,503102_bpc,24.18331964969896,7.189940696937172
BPC,503202_bpc,9.959583147900899,4.246733338443207
BPC,503302_bpc,-8.569623788909508,4.529048704402137
BPC,503602_bpc,-7.425355915562095,5.61927616589952
BPC,503802_bpc,17.590345614530392,5.185520771046095
BPC,504002_bpc,-11.739801587301589,5.701832464319761
BPC,504202_bpc,-17.72956375732111,4.197027029209258
BPC,504402_bpc,1.5657986111111197,2.9065137864521597
BPC,504702_bpc,-1.9027426160337375,3.5226723023261175
BPC,505102_bpc,10.366861427597623,3.797239454656573
BPC,505302_bpc,0.5297392877703757,4.182097120757859
BPC,505402_bpc,-8.836106330082233,4.5097439390683265
BPC,505502_bpc,11.138652566071915,4.3686109658353205
BPC,505602_bpc,-13.12754089952885,3.430210115803666
BPC,505702_bpc,-18.614139962204966,4.120832209395029
BPC,505802_bpc,9.698322230446589,3.74349552647592
BPC,505902_bpc,10.7833003669556,3.063542320547387
BPC,506002_bpc,0.7096059393702814,3.1650598949321864
BPC,506102_bpc,19.568861024033424,12.407855929050065
BPC,506202_bpc,9.297707231040564,5.352006428372876
BPC,506302_bpc,-15.963778510047185,7.548998325853814
BPC,506502_bpc,-13.301961665169213,7.615284232637213
BPC,506602_bpc,26.843922692533813,7.784313789718274
BPC,506702_bpc,-16.789350313768928,6.6990358545900595
BPC,506802_bpc,-1.5875064004096338,4.200135773662568
BPC,507002_bpc,12.823276190476198,5.161302854689151
BPC,507202_bpc,-14.859443204365064,4.905895638367218
BPC,507302_bpc,8.776779513888872,6.159574515485648
BPC,507402_bpc,-5.005099123099115,3.667686746935819
BPC,507502_bpc,6.51068892571784,3.635659158632469
BPC,507602_bpc,-13.92927818793673,3.6191001757759573
BPC,507702_bpc,12.747977081811005,3.9916946563609557
BPC,507802_bpc,14.055805941488767,3.6711690051106425
BPC,508002_bpc,-5.682226288507692,3.449417475610555
BPC,508102_bpc,-21.511217742543046,4.550265258775711
BPC,508202_bpc,11.250620722946309,4.560784636260015
BPC,508302_bpc,7.562088236822277,3.723751626569057
BPC,508402_bpc,14.99589677795322,4.73066511427829
BPC,508502_bpc,-13.471465909569352,4.0103692142825045
BPC,508702_bpc,-1.7717119233423557,3.750660907361975
BPC,508802_bpc,0.3733477011494286,6.223663614733493
BPC,509002_bpc,18.513187207270054,6.296104064773721
BPC,509202_bpc,-6.139908274167537,4.497138204141705
BPC,509302_bpc,20.404223744292242,4.203182401993623
BPC,509402_bpc,2.5437995183828512,4.873488744664552
BPC,509502_bpc,-13.700548696844987,4.601780427656631
BPC,510102_bpc,6.572161172161179,5.732440908571431
BPC,511202_bpc,-0.48115079365079727,1.2740047813669828
BPC,511402_bpc,0.48115079365078506,1.3009188489346828
BPC,511702_bpc,-21.408088235294116,6.495375518781071
BPC,511802_bpc,21.727611940298516,6.7214134225869175
BPC,511902_bpc,-23.249999999999986,5.837017762876705
BPC,512202_bpc,-12.91791044776119,10.979838183324176
BPC,512402_bpc,39.65059523809525,8.963495566154178
BPC,512502_bpc,-9.943027210884356,7.127951086150161
BPC,512602_bpc,1.0315734989647964,6.064976905392702
BPC,512702_bpc,10.24316939890711,4.978522322039466
BPC,512802_bpc,-1.2777360066833836,3.6578311879723935
BPC,512902_bpc,1.3487213403880034,3.8854909424805686
BPC,513202_bpc,-6.217248937900877e-15,5.476794457215049e-15
BPC,513602_bpc,27.32926829268293,13.260658913173083
BPC,514002_bpc,-12.413461538461537,11.475728591162992
BPC,514202_bpc,-6.985294117647077,8.461495866408214
BPC,514302_bpc,36.3550505050505,9.794305728993036
BPC,514402_bpc,-49.491203703703704,16.868458219796963
BPC,514502_bpc,-9.220149253731348,8.61854951210111
BPC,514602_bpc,42.25971177944861,12.918524183837325
BPC,514702_bpc,-26.555574229691874,8.923668909755174
BPC,514802_bpc,-11.940015360983105,10.525657842067373
BPC,514902_bpc,1.8560374149659884,5.51307147627002
BPC,515002_bpc,-16.61003915674968,5.695368233357743
MPC,501801_mpc,5.965699689837617,2.181064145340196
MPC,502101_mpc,4.116112824026496,1.6219230200222206
MPC,502201_mpc,-7.587776360544218,2.9723419178416908
MPC,502701_mpc,19.922727272727276,7.346753111091882
MPC,502801_mpc,2.897849462365592,8.8620501802388
MPC,503001_mpc,-17.89691358024691,7.219285516802912
MPC,503101_mpc,19.83263985205733,4.378145452643723
MPC,503201_mpc,5.846014492753626,7.064619919841195
MPC,503301_mpc,-14.496428571428575,7.808822923414087
MPC,503601_mpc,-6.8592857142857175,5.328026349349062
MPC,503801_mpc,27.808970099667775,7.122355235808741
MPC,504001_mpc,-15.713662849105889,8.374026139457962
MPC,504201_mpc,-35.26405009920635,8.293513206233197
MPC,504401_mpc,2.5384831460674118,2.973664022514736
MPC,504701_mpc,-2.75518292682926,3.3563270379602455
MPC,505101_mpc,17.7545188391855,4.403240846762006
MPC,505301_mpc,-25.929494128274616,6.843557860576914
MPC,505401_mpc,-14.968973359324233,4.33971489798517
MPC,505501_mpc,24.903938191438204,5.4656848530883595
MPC,505601_mpc,-14.06196478591437,5.020144549204327
MPC,505701_mpc,-16.126356589147285,4.831780671142893
MPC,505801_mpc,6.217015468607823,3.7156958280848094
MPC,505901_mpc,13.25409171075838,4.537855339265435
MPC,506001_mpc,-7.044435091657317,4.538325919785647
MPC,506101_mpc,16.612394957983177,6.15152958359463
MPC,506201_mpc,3.187196137196121,4.004912881289398
MPC,506301_mpc,-17.15531505531508,7.367328125478913
MPC,506501_mpc,13.138983653162757,6.404071591439577
MPC,506601_mpc,26.44301587301587,8.44690512814538
MPC,506701_mpc,-4.956020408163266,6.356396584205618
MPC,506801_mpc,-7.747912589693408,3.6498013886586977
MPC,507001_mpc,-8.950111607142853,7.2055790632808385
MPC,507201_mpc,-2.9657434402332337,5.747025911587681
MPC,507301_mpc,-7.889106019766393,2.9709185519783867
MPC,507401_mpc,-9.381620718462836,5.461826806314512
MPC,507501_mpc,14.675218253968259,4.64074454449825
MPC,507601_mpc,-26.036086488467447,5.095085375888661
MPC,507701_mpc,15.71051660757542,4.939646526392032
MPC,507801_mpc,33.01479828042328,6.8986685172577795
MPC,508001_mpc,-24.95514294733045,6.0153251399585494
MPC,508101_mpc,-19.731006399069223,4.7310465047557475
MPC,508201_mpc,21.547364131852078,5.376887055552128
MPC,508301_mpc,5.912588449034226,3.365764613160516
MPC,508401_mpc,29.614655172413794,5.27528408433883
MPC,508501_mpc,-10.218331371009945,3.679695850190103
MPC,508701_mpc,-3.8822867608581912,4.044073598232015
MPC,508801_mpc,1.128198344865016,4.068624774989898
MPC,509001_mpc,11.459674558836573,4.156029021032116
MPC,509201_mpc,-19.53012513801987,5.795029560906707
MPC,509301_mpc,25.540238095238095,5.034511988390062
MPC,509401_mpc,-7.477721088435371,3.382634047798766
MPC,509501_mpc,-8.508301445578226,6.174789266295083
MPC,510101_mpc,4.417545787545785,5.796353656901307
MPC,511201_mpc,-0.054545454545451566,1.2544495075192459
MPC,511401_mpc,0.06521739130435389,1.5030740226725643
MPC,511701_mpc,-11.673076923076934,4.843847023808196
MPC,511801_mpc,14.877450980392158,6.397394885765742
MPC,511901_mpc,-5.070680272108845,4.517386828474499
MPC,512201_mpc,-0.45105820105819694,4.0986319064591
MPC,512401_mpc,1.4361762615493965,3.021205351610737
MPC,512501_mpc,0.5106060606060515,3.2925371095112252
MPC,512601_mpc,4.284599156118148,3.876308904610874
MPC,512701_mpc,-4.9155982905982905,3.780486846994233
MPC,512801_mpc,12.409696969696977,5.566174746091396
MPC,512901_mpc,-10.664583333333326,4.894375616550295
MPC,513201_mpc,-8.43769498715119e-15,7.618522979136495e-15
MPC,513601_mpc,8.539869281045753,5.0273823889666875
MPC,514001_mpc,-9.488888888888887,5.795120060824442
MPC,514201_mpc,-0.1610062893081552,2.5167089142386563
MPC,514301_mpc,25.28467000835421,9.111829501428145
MPC,514401_mpc,-4.795000000000005,9.560647157020265
MPC,514501_mpc,-24.9885238095238,8.54651652981151
MPC,514601_mpc,37.15660377358492,12.586458068635093
MPC,514701_mpc,-3.8162661326212675,4.69831368894579
MPC,514801_mpc,-7.50133128520225,7.821392123302153
MPC,514901_mpc,-8.38190013869626,5.183488641776581
MPC,515001_mpc,-31.115439276485787,9.910050588500134
CEC,502004_cec,11.88781746031746,5.6791501493448315
CEC,502504_cec,0.6040123456790143,6.465905655802253
CEC,503904_cec,44.442945326278654,12.877893714723283
CEC,504504_cec,-13.851851851851851,9.573301013276804
CEC,504904_cec,17.200000000000003,9.922404796441036
CEC,505204_cec,0.8747412008281477,3.454085462819439
CEC,506404_cec,-10.519549356539162,8.849778467446704
CEC,506904_cec,4.008308080808074,9.072548187296565
CEC,507904_cec,22.294573643410857,9.604865488772553
CEC,508904_cec,-31.205855855855862,17.831017079586537
CEC,509104_cec,-17.114583333333343,18.30186487680265
CEC,511304_cec,16.595352564102562,5.708087193050649
CEC,511604_cec,-12.342877211089133,5.134909883360719
CEC,512104_cec,-13.052862106046813,3.8204436834552533
CEC,513104_cec,-15.980037143926026,4.821029648166264
CEC,513404_cec,30.14693429623336,7.586305197576279
CEC,513504_cec,-0.3060260001436479,3.2591162363725608
CEC,513704_cec,-1.2624864319554563,3.090554119494066
CEC,513904_cec,9.329190539852299,3.4967787539225084
MEC,504503_mec,-10.03737107921318,5.086030256144746
MEC,504903_mec,15.454033906314622,5.222336671740945
MEC,505203_mec,-9.766388888888885,4.952937402239135
MEC,506903_mec,-5.587059620596205,4.330530660455826
MEC,508903_mec,0.7708333333333357,5.204400354683791
MEC,511303_mec,13.235328638497647,4.798691338071919
MEC,511603_mec,-8.493904434626085,3.6690610818965936
MEC,513103_mec,-13.869371243643087,3.7079696502587627
MEC,513403_mec,10.897005400098184,4.760502483751087
MEC,513503_mec,-2.7760905140793435,3.2949303578086333
MEC,513903_mec,11.538558369005298,3.7023763804439698
