college_code,value_added,std_error,p_value
501601_mpc,1.1668616229839701,0.6014289330001729,0.05236160870820967
501602_bpc,0.8707244561348478,0.3867312683917672,0.02435404960666392
501801_mpc,0.43097800648117296,0.46390520597774804,0.35287783679936724
501802_bpc,0.8406744848152142,0.3596566402217028,0.01941650973016188
501903_mec,-1.3665162056693814,0.5747110711945645,0.017418881107863597
501904_cec,-0.8002189972797532,0.43437678305199806,0.06544250485168741
502004_cec,-0.9401322226386412,0.5843766036799227,0.1076648934811665
502005_hec,-0.7699385411255417,0.8747279197055152,0.3787490996749311
502101_mpc,0.2231256931706076,0.44041607512064107,0.6124181243314362
502102_bpc,0.16754288300594936,0.28075954286718957,0.5506751947664292
502201_mpc,0.28853544119096886,0.6468645901854668,0.6555594643132988
502202_bpc,-4.324155519853161,0.6628227580167257,6.852574506279473e-11
502504_cec,1.6726490128839413,0.8713004186748204,0.054893831672973514
502505_hec,-0.08731230952380997,1.2739158663108445,0.9453569567259599
502701_mpc,0.05284185099846378,0.8643142208525418,0.9512498514447267
502702_bpc,2.7633033815097954,0.7123766567527654,0.00010489018643523561
502801_mpc,1.2446164741652121,0.8268776340554272,0.13227258455479038
502802_bpc,-0.2887348513330369,0.42010187046505704,0.4918954448639504
503001_mpc,-1.9207463057649423,0.9485314435775671,0.042870597642545694
503002_bpc,-1.9315975638182215,0.8759945402888976,0.027451723293951236
503101_mpc,-0.9747448711735502,0.3946359005051327,0.013511860627067397
503102_bpc,-0.9627008962433956,0.5843082379521246,0.09943666290484567
503201_mpc,2.374670278745644,0.6133785970951456,0.00010818571972152315
503202_bpc,3.1303288285596085,0.6527182852175354,1.6199904490005365e-06
503301_mpc,-1.932327108490759,0.6361767511423092,0.002386237821384098
503302_bpc,-0.6640087900259735,0.5425422170802773,0.22099595461291133
503601_mpc,1.158143021034972,0.6043978984552391,0.05534053430093469
503602_bpc,-0.34702411530788646,0.4913234725534215,0.47999862387249714
503801_mpc,5.498584940358787,0.9020305402102393,1.0890116939491908e-09
503802_bpc,3.3525908413395036,0.6190237822317024,6.097019952882145e-08
503904_cec,0.6813281387953605,0.9508467751756348,0.47365253115138184
503905_hec,3.922916666666666,1.7963894204193718,0.028978525210295782
504001_mpc,-3.6032354071965944,0.7438940630569427,1.2741248923262054e-06
504002_bpc,-2.25274474200227,0.6743482802541318,0.0008359003457146874
504201_mpc,-4.7459932097511075,0.965776751924429,8.915838776641123e-07
504202_bpc,-1.3072855088270146,0.6187700101256188,0.034625054197832496
504401_mpc,-0.4071978863461093,0.5604984666726406,0.46753695386419836
504402_bpc,1.153358049604451,0.5790528963576389,0.04639291325753824
504503_mec,-2.672402190717167,0.8961151844309659,0.002861771638800023
504504_cec,-3.0466217422611646,1.2175453342329436,0.012340132822583779
504701_mpc,0.102482758698755,1.0655653685441893,0.9233800882076153
504702_bpc,-0.15410174631744777,0.4258669693186468,0.7174609960312242
504903_mec,2.855755177143066,0.9151349970777615,0.0018049311533137554
504904_cec,4.36380082451499,1.2992813263065288,0.0007833083176007385
505101_mpc,4.0778567312520195,0.5071284397207891,8.905528637314577e-16
505102_bpc,2.171187274585045,0.5037220507060303,1.6304182777281593e-05
505203_mec,-0.9897795212765953,0.9795932436552643,0.3123044173480497
505204_cec,-1.434838604691877,0.8534508912050992,0.09272021348519702
505301_mpc,-2.6398448909456103,0.5829254764296702,5.937164496423167e-06
505302_bpc,0.004112589795383231,0.36764801505787353,0.991074877775043
505401_mpc,0.9516455153996775,0.5419701236684341,0.07910542976010063
505402_bpc,-0.15372006261980248,0.45278929283274083,0.7342362615012663
505501_mpc,3.143558404454882,0.5030058022959367,4.116448484394301e-10
505502_bpc,1.5440072640528448,0.487991464086694,0.0015561430644279591
505601_mpc,-0.8353738853738861,0.4493115793793859,0.06299444404177942
505602_bpc,-1.9905484530026016,0.46195839178472614,1.640429362354339e-05
505701_mpc,-4.143427967801159,0.7089023827619563,5.070254647761919e-09
505702_bpc,-3.676645739953652,0.6569654483874551,2.1884018941318086e-08
505801_mpc,0.18291799105810763,0.6601476208115816,0.7817136906947526
505802_bpc,1.167361993504647,0.37349713778531723,0.0017750841953209887
505901_mpc,0.900430751771716,0.5477174942111318,0.1001825416158312
505902_bpc,0.4217548170123536,0.35233358437436135,0.23129381478740363
506001_mpc,-0.1812939634245684,0.577702082224374,0.7536584160651186
506002_bpc,-0.9974891821120779,0.4531271218450772,0.02771160037936499
506101_mpc,0.9292410714285733,0.6781139873633893,0.1705833918691705
506102_bpc,2.3722864145658242,1.0995024192489016,0.030958945075185686
506201_mpc,-0.38973647711511916,0.4088794205032041,0.3404978978577239
506202_bpc,0.7474881796690318,0.4384970666001946,0.0882579519151799
506301_mpc,-2.5395021645021645,0.6577716381011107,0.0001130322625987424
506302_bpc,-0.8885496420790553,0.6358298170805912,0.16227391370115274
506404_cec,1.6987667871373962,0.49187389913279544,0.000553027561372963
506501_mpc,0.26504358078766055,0.5868462599739178,0.6515279364609479
506502_bpc,-0.12990635635805758,0.378512111068028,0.7314460176069437
506601_mpc,3.0231747579365087,0.8894621801692536,0.0006766252347911298
506602_bpc,2.019126182967139,0.779381856597921,0.009578751573209249
506701_mpc,2.1054793303014083,1.1081581335182764,0.0574356211758979
506702_bpc,-0.04450573030366456,0.48419514521179313,0.9267640417937423
506801_mpc,-2.5978497696346126,1.0958020422127575,0.01775303857717846
506802_bpc,-0.06317443792846661,0.7458106800513595,0.9324953406397742
506903_mec,1.194851608049069,0.8798627471704914,0.1744644063720202
506904_cec,1.6894879064088875,0.6831985015083847,0.013401816300548841
507001_mpc,-1.8944071871620456,0.6169146489967956,0.002135026921418627
507002_bpc,-2.2559318304148936,0.5679750879570852,7.130609139980309e-05
507201_mpc,0.5764369229024946,1.1732538972033109,0.6232038625227021
507202_bpc,0.6601348290777381,0.503768615151885,0.19006294585254224
507301_mpc,-3.2061164189131572,0.7763914245697479,3.6353664719653346e-05
507302_bpc,0.19633845368033254,0.34169075742075056,0.5655560227461145
507401_mpc,1.5688666191815632,0.41947262865495194,0.00018395222137273476
507402_bpc,0.8444224545038301,0.3515075205618829,0.016292855653139027
507501_mpc,0.6184342099076128,0.48693142376309306,0.20406173275516926
507502_bpc,0.7450423195291813,0.33224365438547465,0.024931810415335168
507601_mpc,-2.398563288977681,0.5600373553185749,1.845037508873979e-05
507602_bpc,-0.8122504719450306,0.4112044171120982,0.048234558185935736
507701_mpc,0.040787665596204226,0.44880937270661964,0.9275881726128407
507702_bpc,-0.1791556381782087,0.3875969105628171,0.643922463050501
507801_mpc,0.5962340694182088,0.46785986977450933,0.20252665037388673
507802_bpc,2.2352600232245114,0.3873547663468862,7.900113973876865e-09
507904_cec,-0.4590226855500835,0.7882207076180039,0.5603289397155082
508001_mpc,-2.1654281748036923,0.5434446138507988,6.758405978898723e-05
508002_bpc,-1.5439758278982039,0.36475987498854123,2.3074281095512114e-05
508101_mpc,1.1541510387631524,0.3635009710428691,0.0014978614269154351
508102_bpc,-1.1198666270955429,0.39705704111380463,0.004796120432741555
508201_mpc,0.12100937356432007,0.3912953669001904,0.75712887135777
508202_bpc,0.5482340444738998,0.3518316186616635,0.1191790986108109
508301_mpc,-1.0355779041128887,0.4126297135354169,0.012083284614911231
508302_bpc,-3.302250860009554,0.4172939780017687,2.502761048290013e-15
508401_mpc,0.12476777165385101,0.3354382659428143,0.7099267282429618
508402_bpc,-1.2113809182209458,0.45997589988986626,0.008449123387701162
508501_mpc,-1.15094974531421,0.38452347443335105,0.002760826954416692
508502_bpc,0.043049546746727604,0.38611717929855477,0.911225038162206
508701_mpc,1.9558017435919224,0.39867594763357567,9.307432445544384e-07
508702_bpc,3.412261778390841,0.5691092036499015,2.0249308003732386e-09
508801_mpc,0.7636900795674918,0.4358633343640811,0.07975111934655799
508802_bpc,-0.6571179997349665,0.5455381531769713,0.22838413684912273
508903_mec,-1.2342697023809532,0.9914709652575558,0.21317314668607934
508904_cec,-2.524509536892362,1.123817169156439,0.02468029760813578
509001_mpc,-0.06950523765039354,0.37181579101372014,0.8517119073404364
509002_bpc,1.9156114587425461,0.4774012055957776,6.00582200101979e-05
509104_cec,-5.52494258030712,1.9991416130104385,0.0057157511655483535
509105_hec,-7.1625747395833335,3.0989419425280897,0.02081646408624509
509201_mpc,-0.7355085685962126,0.41026918473854457,0.07301349735298727
509202_bpc,-0.7104761825530548,0.4389174374664118,0.10551156865605565
509301_mpc,-0.32061100555194944,0.4013624939079257,0.424402568133912
509302_bpc,0.7202259760634631,0.4440016066977391,0.10477664901602307
509401_mpc,1.8486272163656468,0.43426227232543946,2.072465510004059e-05
509402_bpc,0.6706284632693199,0.35822281045661075,0.061192947704990765
509501_mpc,0.6518862554112556,0.3939737577153351,0.09799676304398096
509502_bpc,-0.4434898854188153,0.3802020322249655,0.24342912536103944
510101_mpc,2.159957951697425,0.943228691903007,0.022023514051453728
510102_bpc,0.26435133195199795,0.8670711978859418,0.7604587212930137
511201_mpc,0.12136199338295992,0.5485955671968298,0.8249187500658873
511202_bpc,-0.8041743617840502,0.7713648568784356,0.2971640071732824
511303_mec,1.207693539917811,0.6756190569203836,0.07385086234009632
511304_cec,0.06997708228905576,0.5637012779585386,0.9012055434068273
511401_mpc,2.687354294798241,0.7154426575882937,0.00017250457994661634
511402_bpc,-1.3461028995778994,0.6797668467533013,0.04767633604176054
511603_mec,-0.4626221848607738,0.703836305248609,0.5109966392740466
511604_cec,0.6269519326784319,0.5303040456574917,0.23710653745928645
511701_mpc,-2.434615673555834,0.8029512023367666,0.0024287142684857807
511702_bpc,-4.763328109890111,1.114306412019524,1.9139291111534856e-05
511801_mpc,2.3217342817576667,0.646737451149085,0.00033078226761643114
511802_bpc,4.742815764119601,0.9295992756362582,3.3608225496360654e-07
511901_mpc,0.14146947216081673,0.8602384647023714,0.8693739249840577
511902_bpc,2.811536428869296,0.890830558943658,0.0015990258428018266
512104_cec,-1.111666883745213,0.5177734368034529,0.03179215690708271
512201_mpc,-0.1379694932750697,0.7731585848482679,0.8583702515542517
512202_bpc,-0.31986049550264567,0.8142364386759746,0.6944414210947354
512401_mpc,-2.0597896529888553,0.8699980153870794,0.017904862457325397
512402_bpc,-2.6819542983936016,0.8991881770217536,0.002857742535019677
512501_mpc,-2.700364676503626,1.0093750058132294,0.007466599771150243
512502_bpc,-6.626316434859815,1.4615960458548949,5.798217093725433e-06
512601_mpc,4.798716538307371,1.0022206427808327,1.683812440610087e-06
512602_bpc,7.4565561127453535,1.5955773005783485,2.964483582481559e-06
512701_mpc,-0.2513584313770539,0.732722755484631,0.7315630115562934
512702_bpc,-1.786598277067815,1.2468478331258015,0.1518887057510197
512801_mpc,-1.202627084145022,0.9016778436807644,0.1822806176128009
512802_bpc,-3.175373443269693,0.8285332003914114,0.00012683517874389645
512901_mpc,2.9119685208829877,1.0667431600106485,0.006337761694269356
512902_bpc,2.0050472188723956,0.9667046771861438,0.03806953973245938
513103_mec,-0.8369263028832687,0.5214345830742763,0.10848376150425522
513104_cec,-4.180620599958475,0.7234149632749016,7.5142514505725e-09
513201_mpc,-0.1097910592808552,1.4149848804429153,0.9381528578853391
513202_bpc,4.226855742296919,2.0155504142101544,0.03598274943891756
513403_mec,0.895349889212828,0.8871890639125356,0.3128794368565637
513404_cec,-1.409791457431458,0.8424502386797474,0.0942403516759437
513503_mec,2.025541570912718,0.5930695138589511,0.0006369946947569287
513504_cec,0.09466523927606155,0.5090482988659025,0.8524720969682962
513601_mpc,1.5753096551853931,0.7448371715644062,0.034432346091712036
513602_bpc,-1.7806121316146544,0.980371982425452,0.06933022987373004
513704_cec,-1.9619640570528416,0.5317453947391458,0.00022454675296049346
513903_mec,2.467930656772872,0.5934773824066412,3.204506544413529e-05
513904_cec,1.036896986084855,0.5440723658171809,0.05667523543570945
514001_mpc,0.7702829346846837,0.8624050210154767,0.3717607755147493
514002_bpc,-0.9029450900383152,0.6461804008585348,0.16230606456952545
514201_mpc,1.6907689244186046,0.5219572833450141,0.0011982934750750982
514202_bpc,0.7739947725769581,0.4910355575373271,0.11496821136602253
514301_mpc,1.97210181902924,0.9019482142594245,0.02877968896892798
514302_bpc,3.2935490150639533,1.3373874036417197,0.013790528998134806
514401_mpc,2.883778664648908,1.8867336195385243,0.1264007614108653
514402_bpc,3.201484962919596,1.6040503448418997,0.04594746396287712
514501_mpc,-8.47009668190837,1.4436618509925319,4.435050163340792e-09
514502_bpc,-4.080915281524031,1.641066554282383,0.012891749564132242
514601_mpc,3.8725656153023005,0.8922402636111266,1.4230632388776911e-05
514602_bpc,2.019707936334002,0.7296997912617377,0.00564254343708512
514701_mpc,0.9923714444220592,0.6162887327979355,0.10734594119414596
514702_bpc,-4.0478187910284165,0.8733321694921906,3.570873026021919e-06
514801_mpc,0.668917878746253,0.6581837862317087,0.3094824282216443
514802_bpc,-0.07936801516404106,0.5638036461129171,0.8880497156060891
514901_mpc,-0.5230996192435011,0.5873044419219664,0.3731015078975305
514902_bpc,-1.7978901779465575,0.6905845679008091,0.009229549075577997
515001_mpc,-1.9720847672203274,1.0268205085149038,0.05478543612073059
515002_bpc,-0.5446008270064571,0.4089775467865346,0.18298657973743515
